[
    {
        "asin": "0316438960",
        "title": "The Last Wish: Introducing the Witcher",
        "img": "https://images-na.ssl-images-amazon.com/images/I/51eHtkVLL5L.jpg",
        "price": 9.59,
        "category": "fantasy"
    },
    {
        "asin": "0316389706",
        "title": "Sword of Destiny (The Witcher)",
        "img": "https://images-na.ssl-images-amazon.com/images/I/91uxJwnolDL.jpg",
        "price": 10.39,
        "category": "fantasy"
    },
    {
        "asin": "0786966246",
        "title": "D&D MORDENKAINEN'S TOME OF FOES (Dungeons & Dragons)",
        "img": "https://images-na.ssl-images-amazon.com/images/I/8147MOLG%2BoL.jpg",
        "price": 27.94,
        "category": "fantasy"
    },
    {
        "asin": "1945683694",
        "title": "Destiny Grimoire Anthology, Volume II: Fallen Kingdoms",
        "img": "https://images-na.ssl-images-amazon.com/images/I/91IHwcEy2DL.jpg",
        "price": 19.92,
        "category": "fantasy"
    },
    {
        "asin": "0786966254",
        "title": "D&D Waterdeep Dragon Heist HC (Dungeons & Dragons)",
        "img": "https://images-na.ssl-images-amazon.com/images/I/81Sfnxpke4L.jpg",
        "price": 34.61,
        "category": "fantasy"
    },
    {
        "asin": "0062059882",
        "title": "American Gods: The Tenth Anniversary Edition: A Novel",
        "img": "https://images-na.ssl-images-amazon.com/images/I/519mwdpzlmL.jpg",
        "price": 14.94,
        "category": "fantasy"
    },
    {
        "asin": "0345535413",
        "title": "A Clash of Kings (HBO Tie-in Edition): A Song of Ice and Fire: Book Two",
        "img": "https://images-na.ssl-images-amazon.com/images/I/91Pqmk8FzAL.jpg",
        "price": 14.31,
        "category": "fantasy"
    },
    {
        "asin": "0140157379",
        "title": "Haroun and the Sea of Stories",
        "img": "https://images-na.ssl-images-amazon.com/images/I/91R8tRi2KTL.jpg",
        "price": 11.4,
        "category": "fantasy"
    },
    {
        "asin": "0553808044",
        "title": "A Game of Thrones: The Illustrated Edition: A Song of Ice and Fire: Book One",
        "img": "https://images-na.ssl-images-amazon.com/images/I/A12tbaSby%2BL.jpg",
        "price": 28.06,
        "category": "fantasy"
    },
    {
        "asin": "0316228028",
        "title": "Stiletto: A Novel (The Rook Files)",
        "img": "https://images-na.ssl-images-amazon.com/images/I/51whAHbBsDL.jpg",
        "price": 10.37,
        "category": "fantasy"
    },
    {
        "asin": "0008288798",
        "title": "A Reaper at the Gates (Ember Quartet, Book 3)",
        "img": "https://images-na.ssl-images-amazon.com/images/I/91vFU0KCm9L.jpg",
        "price": 12.6,
        "category": "fantasy"
    },
    {
        "asin": "1250222060",
        "title": "A Gathering of Shadows Collector's Edition: A Novel (Shades of Magic)",
        "img": "https://images-na.ssl-images-amazon.com/images/I/81Jw33fmYzL.jpg",
        "price": 18.85,
        "category": "fantasy"
    },
    {
        "asin": "0345548531",
        "title": "Staked: The Iron Druid Chronicles, Book Eight",
        "img": "https://images-na.ssl-images-amazon.com/images/I/91eMFXdhM0L.jpg",
        "price": 7.59,
        "category": "fantasy"
    },
    {
        "asin": "1597808709",
        "title": "A Second Chance: The Chronicles of St. Mary's Book Three",
        "img": "https://images-na.ssl-images-amazon.com/images/I/714wSBJshRL.jpg",
        "price": 9.86,
        "category": "fantasy"
    },
    {
        "asin": "0062678108",
        "title": "The City of Brass: A Novel (The Daevabad Trilogy)",
        "img": "https://images-na.ssl-images-amazon.com/images/I/51AiOrm56BL.jpg",
        "price": 18.37,
        "category": "fantasy"
    },
    {
        "asin": "0316434604",
        "title": "Strange Practice (A Dr. Greta Helsing Novel)",
        "img": "https://images-na.ssl-images-amazon.com/images/I/61WMUVR7PWL.jpg",
        "price": 12.67,
        "category": "fantasy"
    },
    {
        "asin": "0765319233",
        "title": "Chronicles of the Black Company",
        "img": "https://images-na.ssl-images-amazon.com/images/I/511RvCsDsTL.jpg",
        "price": 17.94,
        "category": "fantasy"
    },
    {
        "asin": "0345461533",
        "title": "The Conquering Sword of Conan (Conan of Cimmeria, Book 3)",
        "img": "https://images-na.ssl-images-amazon.com/images/I/81MoomxPd3L.jpg",
        "price": 17.79,
        "category": "fantasy"
    },
    {
        "asin": "0316452211",
        "title": "The Night Angel Trilogy: 10th Anniversary Edition",
        "img": "https://images-na.ssl-images-amazon.com/images/I/71vON1PofOL.jpg",
        "price": 30.28,
        "category": "fantasy"
    },
    {
        "asin": "1943407355",
        "title": "The Dark Truth (The Dark Passage Series) (Volume 1)",
        "img": "https://images-na.ssl-images-amazon.com/images/I/51pm0mSSzwL.jpg",
        "price": 1.77,
        "category": "fantasy"
    },
    {
        "asin": "1524799556",
        "title": "A Song of Ice and Fire 2020 Calendar: Illustrations by John Howe",
        "img": "https://images-na.ssl-images-amazon.com/images/I/91JJwFLoOsL.jpg",
        "price": 15.3,
        "category": "fantasy"
    },
    {
        "asin": "0399177574",
        "title": "Illidan: World of Warcraft: A Novel",
        "img": "https://images-na.ssl-images-amazon.com/images/I/81khLUoMKaL.jpg",
        "price": 6.12,
        "category": "fantasy"
    },
    {
        "asin": "0316274119",
        "title": "An Echo of Things to Come (The Licanius Trilogy)",
        "img": "https://images-na.ssl-images-amazon.com/images/I/51xWXICigiL.jpg",
        "price": 18.73,
        "category": "fantasy"
    },
    {
        "asin": "1578562953",
        "title": "Edge of Eternity",
        "img": "https://images-na.ssl-images-amazon.com/images/I/91Ft%2BN5q0sL.jpg",
        "price": 15.19,
        "category": "fantasy"
    },
    {
        "asin": "0756408997",
        "title": "Closer to Home (Valdemar: The Herald Spy)",
        "img": "https://images-na.ssl-images-amazon.com/images/I/A1qDmoiER6L.jpg",
        "price": 21.19,
        "category": "fantasy"
    },
    {
        "asin": "110188603X",
        "title": "A Dance with Dragons (HBO Tie-in Edition): A Song of Ice and Fire: Book Five: A Novel",
        "img": "https://images-na.ssl-images-amazon.com/images/I/813bxDL2PPL.jpg",
        "price": 9.1,
        "category": "fantasy"
    },
    {
        "asin": "0451414888",
        "title": "Dragon Fate: Book Six of The Age of Fire",
        "img": "https://images-na.ssl-images-amazon.com/images/I/81qAK72OCYL.jpg",
        "price": 8.53,
        "category": "fantasy"
    },
    {
        "asin": "0765327740",
        "title": "Severed Souls: A Richard and Kahlan Novel",
        "img": "https://images-na.ssl-images-amazon.com/images/I/51pXmun9LfL.jpg",
        "price": 17.84,
        "category": "fantasy"
    },
    {
        "asin": "0345430441",
        "title": "Transcendence (The Second DemonWars Saga, Book 2)",
        "img": "https://images-na.ssl-images-amazon.com/images/I/71e1SKEZQOL.jpg",
        "price": 8.76,
        "category": "fantasy"
    },
    {
        "asin": "4805310812",
        "title": "The Tale of Genji: The Arthur Waley Translation of Lady Murasaki's Masterpiece with a new foreword by Dennis Washburn (Tuttle Classics)",
        "img": "https://images-na.ssl-images-amazon.com/images/I/918dqgtXhdL.jpg",
        "price": 22.21,
        "category": "fantasy"
    },
    {
        "asin": "0425262227",
        "title": "The Tower (Guardians of Destiny)",
        "img": "https://images-na.ssl-images-amazon.com/images/I/91qzAwU5wcL.jpg",
        "price": 9.52,
        "category": "fantasy"
    },
    {
        "asin": "0345430816",
        "title": "The Drawing of the Dark: A Novel (Del Rey Impact)",
        "img": "https://images-na.ssl-images-amazon.com/images/I/81UHbZbNLvL.jpg",
        "price": 13.73,
        "category": "fantasy"
    },
    {
        "asin": "0062068687",
        "title": "The Long Earth",
        "img": "https://images-na.ssl-images-amazon.com/images/I/517wycdvwBL.jpg",
        "price": 8.77,
        "category": "fantasy"
    },
    {
        "asin": "0756413842",
        "title": "The Master of Dreams (The Dreamscape Trilogy)",
        "img": "https://images-na.ssl-images-amazon.com/images/I/91Ciw5J0wXL.jpg",
        "price": 11.6,
        "category": "fantasy"
    },
    {
        "asin": "0765316544",
        "title": "Toll the Hounds: Book Eight of The Malazan Book of the Fallen",
        "img": "https://images-na.ssl-images-amazon.com/images/I/71gHp0g9ihL.jpg",
        "price": 23.55,
        "category": "fantasy"
    },
    {
        "asin": "0765375079",
        "title": "A Natural History of Dragons: A Memoir by Lady Trent (The Lady Trent Memoirs)",
        "img": "https://images-na.ssl-images-amazon.com/images/I/81mOMXgOdkL.jpg",
        "price": 10.37,
        "category": "fantasy"
    },
    {
        "asin": "0449011909",
        "title": "A Storm of Swords: A Song of Ice and Fire: Book Three",
        "img": "https://images-na.ssl-images-amazon.com/images/I/81xHtJLehXL.jpg",
        "price": 67.4,
        "category": "fantasy"
    },
    {
        "asin": "0316302775",
        "title": "Shadowborn (Seraphim)",
        "img": "https://images-na.ssl-images-amazon.com/images/I/51Vfe9jrxML.jpg",
        "price": 10.94,
        "category": "fantasy"
    },
    {
        "asin": "1784966215",
        "title": "Plague Garden (1) (Hallowed Knights)",
        "img": "https://images-na.ssl-images-amazon.com/images/I/81NRqR0XqQL.jpg",
        "price": 10.45,
        "category": "fantasy"
    },
    {
        "asin": "1984806378",
        "title": "The Library of the Unwritten (A Novel from Hell's Library)",
        "img": "https://images-na.ssl-images-amazon.com/images/I/81tm0aYeBRL.jpg",
        "price": 11.54,
        "category": "fantasy"
    },
    {
        "asin": "1846771870",
        "title": "Tros of Samothrace 4: City of the Eagles",
        "img": "https://images-na.ssl-images-amazon.com/images/I/71aOQgjMjTL.jpg",
        "price": 6.24,
        "category": "fantasy"
    },
    {
        "asin": "0980084288",
        "title": "Griots: A Sword and Soul Anthology",
        "img": "https://images-na.ssl-images-amazon.com/images/I/71KwIdhoaUL.jpg",
        "price": 14.87,
        "category": "fantasy"
    },
    {
        "asin": "0316077070",
        "title": "The Rebel Prince (The Moorehawke Trilogy)",
        "img": "https://images-na.ssl-images-amazon.com/images/I/71REEAYhw1L.jpg",
        "price": 14.28,
        "category": "fantasy"
    },
    {
        "asin": "0345503805",
        "title": "The Warded Man: Book One of The Demon Cycle",
        "img": "https://images-na.ssl-images-amazon.com/images/I/91D7n-LlVDL.jpg",
        "price": 27.31,
        "category": "fantasy"
    },
    {
        "asin": "0316004197",
        "title": "The Edge of the World (Terra Incognita)",
        "img": "https://images-na.ssl-images-amazon.com/images/I/51tQiTuTcvL.jpg",
        "price": 8.75,
        "category": "fantasy"
    },
    {
        "asin": "147893333X",
        "title": "The Last Wish  (The Witcher Series, Book 1)",
        "img": "https://images-na.ssl-images-amazon.com/images/I/51zTIGhJG7L.jpg",
        "price": 21.6,
        "category": "fantasy"
    },
    {
        "asin": "0553567713",
        "title": "Into the Labyrinth (A Death Gate Novel)",
        "img": "https://images-na.ssl-images-amazon.com/images/I/91DgNRoiv-L.jpg",
        "price": 7.82,
        "category": "fantasy"
    },
    {
        "asin": "1499860846",
        "title": "The Seventh Scroll (2) (The Egyptian Series)",
        "img": "https://images-na.ssl-images-amazon.com/images/I/81j3E4E4lyL.jpg",
        "price": 13.49,
        "category": "fantasy"
    },
    {
        "asin": "0316242454",
        "title": "A Dance of Mirrors (Shadowdance 3)",
        "img": "https://images-na.ssl-images-amazon.com/images/I/51GWlXfaIbL.jpg",
        "price": 11.14,
        "category": "fantasy"
    },
    {
        "asin": "1597809152",
        "title": "The Long and Short of It: Stories from the Chronicles of St. Mary's",
        "img": "https://images-na.ssl-images-amazon.com/images/I/81fJjI8FtnL.jpg",
        "price": 11.05,
        "category": "fantasy"
    },
    {
        "asin": "0316190357",
        "title": "The Folly of the World",
        "img": "https://images-na.ssl-images-amazon.com/images/I/71ScVeaHuUL.jpg",
        "price": 15.13,
        "category": "fantasy"
    },
    {
        "asin": "1784967866",
        "title": "Realmslayer (Warhammer: Age of Sigmar)",
        "img": "https://images-na.ssl-images-amazon.com/images/I/714UsJGMFgL.jpg",
        "price": 29.57,
        "category": "fantasy"
    },
    {
        "asin": "0804178321",
        "title": "Half a King (Shattered Sea)",
        "img": "https://images-na.ssl-images-amazon.com/images/I/81lCGUkjf7L.jpg",
        "price": 17.85,
        "category": "fantasy"
    },
    {
        "asin": "0857667971",
        "title": "Ash Kickers (Smoke Eaters)",
        "img": "https://images-na.ssl-images-amazon.com/images/I/91cP5LzL9LL.jpg",
        "price": 7.19,
        "category": "fantasy"
    },
    {
        "asin": "0765331985",
        "title": "Voyage of the Basilisk: A Memoir by Lady Trent (The Lady Trent Memoirs)",
        "img": "https://images-na.ssl-images-amazon.com/images/I/51GYZq2eWDL.jpg",
        "price": 14.01,
        "category": "fantasy"
    },
    {
        "asin": "1629620297",
        "title": "The Chained Adept: A Lost Wizard's Tale (Volume 1)",
        "img": "https://images-na.ssl-images-amazon.com/images/I/510Umbm8zGL.jpg",
        "price": 15.96,
        "category": "fantasy"
    },
    {
        "asin": "149764867X",
        "title": "Slave Girl of Gor (Gorean Saga)",
        "img": "https://images-na.ssl-images-amazon.com/images/I/513uxbKrK0L.jpg",
        "price": 17.17,
        "category": "fantasy"
    },
    {
        "asin": "1597802247",
        "title": "Infidel: Bel Dame Apocrypha Volume 2",
        "img": "https://images-na.ssl-images-amazon.com/images/I/71rlrGRk9xL.jpg",
        "price": 13.36,
        "category": "fantasy"
    },
    {
        "asin": "0345540700",
        "title": "The High Druid's Blade: The Defenders of Shannara",
        "img": "https://images-na.ssl-images-amazon.com/images/I/91rEIKBITuL.jpg",
        "price": 19.61,
        "category": "fantasy"
    },
    {
        "asin": "0765316528",
        "title": "The Bonehunters (The Malazan Book of the Fallen, Book 6)",
        "img": "https://images-na.ssl-images-amazon.com/images/I/81WunmsIRgL.jpg",
        "price": 24.34,
        "category": "fantasy"
    },
    {
        "asin": "1405925787",
        "title": "Tomorrow: The spellbinding historical tale for readers who love The Night Circus and The Mermaid and Mrs Hancock",
        "img": "https://images-na.ssl-images-amazon.com/images/I/91bgKs%2ByYaL.jpg",
        "price": 11.8,
        "category": "fantasy"
    },
    {
        "asin": "1497642418",
        "title": "The Face in the Frost",
        "img": "https://images-na.ssl-images-amazon.com/images/I/516XFxgttiL.jpg",
        "price": 10.84,
        "category": "fantasy"
    },
    {
        "asin": "0345352661",
        "title": "Guardians of the West (The Malloreon, Book 1)",
        "img": "https://images-na.ssl-images-amazon.com/images/I/91AiXb63YyL.jpg",
        "price": 8.72,
        "category": "fantasy"
    },
    {
        "asin": "0399177418",
        "title": "The Memory of Fire (The Waking Land)",
        "img": "https://images-na.ssl-images-amazon.com/images/I/91OvCAIaVUL.jpg",
        "price": 21.41,
        "category": "fantasy"
    },
    {
        "asin": "0804178429",
        "title": "Half the World (Shattered Sea)",
        "img": "https://images-na.ssl-images-amazon.com/images/I/51%2BsRzTLvdL.jpg",
        "price": 23.22,
        "category": "fantasy"
    },
    {
        "asin": "1477849319",
        "title": "Dryad-Born (Whispers from Mirrowen)",
        "img": "https://images-na.ssl-images-amazon.com/images/I/51d8K9kFlDL.jpg",
        "price": 9.99,
        "category": "fantasy"
    },
    {
        "asin": "110196569X",
        "title": "A Song of Ice and Fire 2017 Calendar: Illustrations by Didier Graffet",
        "img": "https://images-na.ssl-images-amazon.com/images/I/61Y%2B7CAHiCL.jpg",
        "price": 9.35,
        "category": "fantasy"
    },
    {
        "asin": "1598531646",
        "title": "Tarzan of the Apes: A Library of America Special Publication",
        "img": "https://images-na.ssl-images-amazon.com/images/I/615EQTEHR4L.jpg",
        "price": 13.26,
        "category": "fantasy"
    },
    {
        "asin": "125010310X",
        "title": "In the Still of the Night: The Supernaturals II",
        "img": "https://images-na.ssl-images-amazon.com/images/I/91xB0qU71lL.jpg",
        "price": 23.68,
        "category": "fantasy"
    },
    {
        "asin": "1732665117",
        "title": "Caught by Demons: Laila of Midgard Book 1",
        "img": "https://images-na.ssl-images-amazon.com/images/I/71NgUnGjkCL.jpg",
        "price": 12.37,
        "category": "fantasy"
    },
    {
        "asin": "178909061X",
        "title": "Venom: Lethal Protector Prose Novel",
        "img": "https://images-na.ssl-images-amazon.com/images/I/91IXGJADw-L.jpg",
        "price": 7.19,
        "category": "fantasy"
    },
    {
        "asin": "0425262820",
        "title": "River of Dreams (A Novel of the Nine Kingdoms)",
        "img": "https://images-na.ssl-images-amazon.com/images/I/91JJv0wvgqL.jpg",
        "price": 12.57,
        "category": "fantasy"
    },
    {
        "asin": "0345549376",
        "title": "Chaos Unleashed (The Chaos Born)",
        "img": "https://images-na.ssl-images-amazon.com/images/I/915g58MINOL.jpg",
        "price": 13.02,
        "category": "fantasy"
    },
    {
        "asin": "0316209287",
        "title": "Successor's Promise (Millennium's Rule)",
        "img": "https://images-na.ssl-images-amazon.com/images/I/61aeExM2i0L.jpg",
        "price": 14.54,
        "category": "fantasy"
    },
    {
        "asin": "1427210241",
        "title": "A Memory of Light (Wheel of Time, Book 14)",
        "img": "https://images-na.ssl-images-amazon.com/images/I/71DVGLI3F9L.jpg",
        "price": 53.68,
        "category": "fantasy"
    },
    {
        "asin": "0316187526",
        "title": "The Troupe",
        "img": "https://images-na.ssl-images-amazon.com/images/I/71xhDsoR41L.jpg",
        "price": 21.35,
        "category": "fantasy"
    },
    {
        "asin": "0451462114",
        "title": "Marion Zimmer Bradley's Ravens of Avalon",
        "img": "https://images-na.ssl-images-amazon.com/images/I/91kcKRLoskL.jpg",
        "price": 13.63,
        "category": "fantasy"
    },
    {
        "asin": "0316077062",
        "title": "The Poison Throne (The Moorehawke Trilogy)",
        "img": "https://images-na.ssl-images-amazon.com/images/I/71eOpcRHZrL.jpg",
        "price": 11.43,
        "category": "fantasy"
    },
    {
        "asin": "1495820777",
        "title": "Shadowdragon",
        "img": "https://images-na.ssl-images-amazon.com/images/I/61D8NflWMpL.jpg",
        "price": 18.22,
        "category": "fantasy"
    },
    {
        "asin": "0316278025",
        "title": "War of Shadows (The Ascendant Kingdoms Saga)",
        "img": "https://images-na.ssl-images-amazon.com/images/I/51y8F9QRlFL.jpg",
        "price": 13.31,
        "category": "fantasy"
    },
    {
        "asin": "1427262233",
        "title": "Shadows of Self: A Mistborn Novel",
        "img": "https://images-na.ssl-images-amazon.com/images/I/81DclQKioIL.jpg",
        "price": 28.27,
        "category": "fantasy"
    },
    {
        "asin": "1497648459",
        "title": "Nomads of Gor (Gorean Saga)",
        "img": "https://images-na.ssl-images-amazon.com/images/I/510PydR3zJL.jpg",
        "price": 11.33,
        "category": "fantasy"
    },
    {
        "asin": "0345335686",
        "title": "Land of Oz: A Novel (Wonderful Oz Books (Paperback))",
        "img": "https://images-na.ssl-images-amazon.com/images/I/915zBPErw2L.jpg",
        "price": 6.57,
        "category": "fantasy"
    },
    {
        "asin": "1416520643",
        "title": "Kildar (Paladin of Shadows, Book 2)",
        "img": "https://images-na.ssl-images-amazon.com/images/I/515T%2B4h2IlL.jpg",
        "price": 23.04,
        "category": "fantasy"
    },
    {
        "asin": "1497644801",
        "title": "Hunters of Gor (Gorean Saga)",
        "img": "https://images-na.ssl-images-amazon.com/images/I/51kVnK8qH1L.jpg",
        "price": 14.39,
        "category": "fantasy"
    },
    {
        "asin": "1681444895",
        "title": "Saint's Blood (The Greatcoats)",
        "img": "https://images-na.ssl-images-amazon.com/images/I/51W%2Bl71lgdL.jpg",
        "price": 21.67,
        "category": "fantasy"
    },
    {
        "asin": "1597809705",
        "title": "MJ-12: Endgame: A MAJESTIC-12 Thriller",
        "img": "https://images-na.ssl-images-amazon.com/images/I/81vZi1-TU1L.jpg",
        "price": 7.57,
        "category": "fantasy"
    },
    {
        "asin": "0451465296",
        "title": "Downfall (Cal Leandros)",
        "img": "https://images-na.ssl-images-amazon.com/images/I/81QzorZkC1L.jpg",
        "price": 7.59,
        "category": "fantasy"
    },
    {
        "asin": "0316374962",
        "title": "Swords and Scoundrels (The Duelists Trilogy)",
        "img": "https://images-na.ssl-images-amazon.com/images/I/51xZT2m-sdL.jpg",
        "price": 14.24,
        "category": "fantasy"
    },
    {
        "asin": "1497648742",
        "title": "Swordsmen of Gor (Gorean Saga)",
        "img": "https://images-na.ssl-images-amazon.com/images/I/91hrwsIPPOL.jpg",
        "price": 23.27,
        "category": "fantasy"
    },
    {
        "asin": "0316277983",
        "title": "A Crown for Cold Silver (The Crimson Empire)",
        "img": "https://images-na.ssl-images-amazon.com/images/I/61VtnYmU5JL.jpg",
        "price": 23.98,
        "category": "fantasy"
    },
    {
        "asin": "145161702X",
        "title": "Domino Falls: A Novel",
        "img": "https://images-na.ssl-images-amazon.com/images/I/51FrfUWRniL.jpg",
        "price": 20.16,
        "category": "fantasy"
    },
    {
        "asin": "1783291753",
        "title": "Corum - The Sword and the Stallion: The Eternal Champion",
        "img": "https://images-na.ssl-images-amazon.com/images/I/8169tL7MqBL.jpg",
        "price": 9.44,
        "category": "fantasy"
    },
    {
        "asin": "151136033X",
        "title": "Shroud of Eternity: Sister of Darkness (The Nicci Chronicles)",
        "img": "https://images-na.ssl-images-amazon.com/images/I/713iDYFn2NL.jpg",
        "price": 16.45,
        "category": "fantasy"
    },
    {
        "asin": "0756409217",
        "title": "The Heir of Khored: Book Three of The Seven-Petaled Shield",
        "img": "https://images-na.ssl-images-amazon.com/images/I/71mNg2cAYfL.jpg",
        "price": 7.17,
        "category": "fantasy"
    },
    {
        "asin": "0756409209",
        "title": "Shannivar: Book Two of The Seven-Petaled Shield",
        "img": "https://images-na.ssl-images-amazon.com/images/I/81u4sQbhpnL.jpg",
        "price": 7.54,
        "category": "fantasy"
    },
    {
        "asin": "0578473046",
        "title": "The Pillars of Enroden: Everything Is about to Change",
        "img": "https://images-na.ssl-images-amazon.com/images/I/71Rf01%2BMi1L.jpg",
        "price": 14.54,
        "category": "fantasy"
    },
    {
        "asin": "1250295092",
        "title": "Heaven Cent (Xanth)",
        "img": "https://images-na.ssl-images-amazon.com/images/I/71GJEMmx-uL.jpg",
        "price": 12.82,
        "category": "fantasy"
    },
    {
        "asin": "1480864676",
        "title": "Port Bliss",
        "img": "https://images-na.ssl-images-amazon.com/images/I/61f0EGSAM6L.jpg",
        "price": 10.87,
        "category": "fantasy"
    },
    {
        "asin": "1988035864",
        "title": "Noble's Honor (Changeling Blood)",
        "img": "https://images-na.ssl-images-amazon.com/images/I/41Qe%2BZwkneL.jpg",
        "price": 12.85,
        "category": "fantasy"
    },
    {
        "asin": "0345470931",
        "title": "Time Dancers (The Meq)",
        "img": "https://images-na.ssl-images-amazon.com/images/I/51XXKl1lDWL.jpg",
        "price": 14.28,
        "category": "fantasy"
    },
    {
        "asin": "1400160510",
        "title": "The Lies of Locke Lamora (Gentleman Bastard)",
        "img": "https://images-na.ssl-images-amazon.com/images/I/61%2BFScgKJjL.jpg",
        "price": 32.65,
        "category": "fantasy"
    },
    {
        "asin": "8494853953",
        "title": "The Reversible Mask: An Elizabethan Spy Novel",
        "img": "https://images-na.ssl-images-amazon.com/images/I/51-dDtnxjrL.jpg",
        "price": 17.0,
        "category": "fantasy"
    },
    {
        "asin": "0441019269",
        "title": "Dragons Deal (A Dragon's Wild Novel)",
        "img": "https://images-na.ssl-images-amazon.com/images/I/91TXaRehLML.jpg",
        "price": 11.11,
        "category": "fantasy"
    },
    {
        "asin": "1781084394",
        "title": "The Shadowed Path: A Jonmarc Vanhanian Collection",
        "img": "https://images-na.ssl-images-amazon.com/images/I/81eMOYOyMUL.jpg",
        "price": 9.78,
        "category": "fantasy"
    },
    {
        "asin": "1945430427",
        "title": "Tales of Mantica: Edge of the Abyss (Kings of War)",
        "img": "https://images-na.ssl-images-amazon.com/images/I/71BLqUpj-nL.jpg",
        "price": 17.1,
        "category": "fantasy"
    },
    {
        "asin": "0765377861",
        "title": "Cloudbound (Bone Universe)",
        "img": "https://images-na.ssl-images-amazon.com/images/I/61D-yZ7i7gL.jpg",
        "price": 14.66,
        "category": "fantasy"
    },
    {
        "asin": "1250303974",
        "title": "A King in Cobwebs: The Tales of Durand, Book Three",
        "img": "https://images-na.ssl-images-amazon.com/images/I/91Zz9qL0pkL.jpg",
        "price": 18.03,
        "category": "fantasy"
    },
    {
        "asin": "1490673733",
        "title": "Day Shift (Midnight, Texas)",
        "img": "https://images-na.ssl-images-amazon.com/images/I/71X0%2B85X7ZL.jpg",
        "price": 28.44,
        "category": "fantasy"
    },
    {
        "asin": "076533478X",
        "title": "Sethra Lavode (The Viscount of Adrilankha)",
        "img": "https://images-na.ssl-images-amazon.com/images/I/81C%2BmsTnaoL.jpg",
        "price": 21.64,
        "category": "fantasy"
    },
    {
        "asin": "0765378744",
        "title": "The Seascape Tattoo",
        "img": "https://images-na.ssl-images-amazon.com/images/I/81D03JlBogL.jpg",
        "price": 6.01,
        "category": "fantasy"
    },
    {
        "asin": "1481442899",
        "title": "Blackthorne (The Malorum Gates)",
        "img": "https://images-na.ssl-images-amazon.com/images/I/91Tnlkue5oL.jpg",
        "price": 31.72,
        "category": "fantasy"
    },
    {
        "asin": "1400162238",
        "title": "The Coming of Conan the Cimmerian: The Original Adventures of the Greatest Sword and Sorcery Hero of All Time! (Conan of Cimmeria)",
        "img": "https://images-na.ssl-images-amazon.com/images/I/51sM5al%2Bn5L.jpg",
        "price": 26.85,
        "category": "fantasy"
    },
    {
        "asin": "0553385860",
        "title": "The Glass Books of the Dream Eaters, Volume Two",
        "img": "https://images-na.ssl-images-amazon.com/images/I/A1n93sLnjkL.jpg",
        "price": 10.97,
        "category": "fantasy"
    },
    {
        "asin": "0345451139",
        "title": "High Druid of Shannara: Straken",
        "img": "https://images-na.ssl-images-amazon.com/images/I/911UL6gRPuL.jpg",
        "price": 12.27,
        "category": "fantasy"
    },
    {
        "asin": "1597804592",
        "title": "The Best Science Fiction and Fantasy of the Year Volume Seven",
        "img": "https://images-na.ssl-images-amazon.com/images/I/71EBX1sNS9L.jpg",
        "price": 13.18,
        "category": "fantasy"
    },
    {
        "asin": "194045641X",
        "title": "Towers Fall: Towers Trilogy Book Three",
        "img": "https://images-na.ssl-images-amazon.com/images/I/81MWHmuCTGL.jpg",
        "price": 13.0,
        "category": "fantasy"
    },
    {
        "asin": "0756414245",
        "title": "Child of Flame (Crown of Stars)",
        "img": "https://images-na.ssl-images-amazon.com/images/I/91b7202EwiL.jpg",
        "price": 21.72,
        "category": "fantasy"
    },
    {
        "asin": "1597808407",
        "title": "Weighing Shadows",
        "img": "https://images-na.ssl-images-amazon.com/images/I/71kDIim47-L.jpg",
        "price": 10.3,
        "category": "fantasy"
    },
    {
        "asin": "0999043501",
        "title": "Coven Queen",
        "img": "https://images-na.ssl-images-amazon.com/images/I/71LT6gnTeYL.jpg",
        "price": 12.57,
        "category": "fantasy"
    },
    {
        "asin": "1616143819",
        "title": "Ravensoul (Legends of the Raven, Book 4)",
        "img": "https://images-na.ssl-images-amazon.com/images/I/91VmMi5JimL.jpg",
        "price": 10.53,
        "category": "fantasy"
    },
    {
        "asin": "1597190896",
        "title": "Violet Crown: A Dr. Hedy Villarreal Novel",
        "img": "https://images-na.ssl-images-amazon.com/images/I/71tjwB3EpwL.jpg",
        "price": 7.18,
        "category": "fantasy"
    },
    {
        "asin": "1781084866",
        "title": "The City of Ice (Gates of the World)",
        "img": "https://images-na.ssl-images-amazon.com/images/I/81oyyKo1%2B9L.jpg",
        "price": 6.74,
        "category": "fantasy"
    },
    {
        "asin": "0996016791",
        "title": "Abengoni: First Calling",
        "img": "https://images-na.ssl-images-amazon.com/images/I/71PQUC2BeUL.jpg",
        "price": 15.94,
        "category": "fantasy"
    },
    {
        "asin": "0451463498",
        "title": "The Grimrose Path (Trickster, Book 2)",
        "img": "https://images-na.ssl-images-amazon.com/images/I/81n9CQS6FcL.jpg",
        "price": 7.13,
        "category": "fantasy"
    },
    {
        "asin": "1642986976",
        "title": "The Will of My Father",
        "img": "https://images-na.ssl-images-amazon.com/images/I/71yrszaVqFL.jpg",
        "price": 13.51,
        "category": "fantasy"
    },
    {
        "asin": "0345401964",
        "title": "Exit to Eden",
        "img": "https://images-na.ssl-images-amazon.com/images/I/91woJZrijhL.jpg",
        "price": 12.63,
        "category": "fantasy"
    },
    {
        "asin": "1978679068",
        "title": "The Seventh Scroll (Ancient Egypt)",
        "img": "https://images-na.ssl-images-amazon.com/images/I/61ZHNxd7xuL.jpg",
        "price": 17.73,
        "category": "fantasy"
    },
    {
        "asin": "076538289X",
        "title": "The Skill of Our Hands: A Novel (The Incrementalists)",
        "img": "https://images-na.ssl-images-amazon.com/images/I/91AK5pd2USL.jpg",
        "price": 13.23,
        "category": "fantasy"
    },
    {
        "asin": "0606320881",
        "title": "Wards Of Faerie (Turtleback School & Library Binding Edition) (Dark Legacy of Shannara)",
        "img": "https://images-na.ssl-images-amazon.com/images/I/51bTeIGsZxL.jpg",
        "price": 12.48,
        "category": "fantasy"
    },
    {
        "asin": "0345513703",
        "title": "Helfort's War Book 3: The Battle of Devastation Reef",
        "img": "https://images-na.ssl-images-amazon.com/images/I/91rDrs5biPL.jpg",
        "price": 6.11,
        "category": "fantasy"
    },
    {
        "asin": "1497644917",
        "title": "Magicians of Gor (Gorean Saga)",
        "img": "https://images-na.ssl-images-amazon.com/images/I/51xQGeVt7VL.jpg",
        "price": 18.78,
        "category": "fantasy"
    },
    {
        "asin": "075640701X",
        "title": "Skirmish (House War)",
        "img": "https://images-na.ssl-images-amazon.com/images/I/A1wJBVOuy6L.jpg",
        "price": 21.37,
        "category": "fantasy"
    },
    {
        "asin": "045146429X",
        "title": "The Doomsday Vault: A Novel of the Clockwork Empire",
        "img": "https://images-na.ssl-images-amazon.com/images/I/815zlGzAxgL.jpg",
        "price": 7.8,
        "category": "fantasy"
    },
    {
        "asin": "1509803114",
        "title": "The Never King",
        "img": "https://images-na.ssl-images-amazon.com/images/I/71avGvXderL.jpg",
        "price": 11.74,
        "category": "fantasy"
    },
    {
        "asin": "1783291834",
        "title": "The Condition of Muzak: The Cornelius Quartet 4 (The Eternal Champion)",
        "img": "https://images-na.ssl-images-amazon.com/images/I/8132%2ByuSKIL.jpg",
        "price": 8.97,
        "category": "fantasy"
    },
    {
        "asin": "1612443702",
        "title": "35 Pounds",
        "img": "https://images-na.ssl-images-amazon.com/images/I/61fRebGq0UL.jpg",
        "price": 11.96,
        "category": "fantasy"
    },
    {
        "asin": "0451464494",
        "title": "Devil's Punch: A Corine Solomon Novel",
        "img": "https://images-na.ssl-images-amazon.com/images/I/71VhTIf%2BlyL.jpg",
        "price": 7.6,
        "category": "fantasy"
    },
    {
        "asin": "193500607X",
        "title": "The Great God Pan and Other Weird Stories",
        "img": "https://images-na.ssl-images-amazon.com/images/I/51%2B9Izd7nlL.jpg",
        "price": 9.48,
        "category": "fantasy"
    },
    {
        "asin": "0886778425",
        "title": "The Granite Shield (Branion series, Book 3)",
        "img": "https://images-na.ssl-images-amazon.com/images/I/91zAuS3yn7L.jpg",
        "price": 6.67,
        "category": "fantasy"
    },
    {
        "asin": "1977358020",
        "title": "Arrows of the Queen (Heralds of Valdemar)",
        "img": "https://images-na.ssl-images-amazon.com/images/I/915VH4%2BTHaL.jpg",
        "price": 17.89,
        "category": "fantasy"
    },
    {
        "asin": "1944125132",
        "title": "Alexandru's Kiss (Magic, New Mexico)",
        "img": "https://images-na.ssl-images-amazon.com/images/I/81w4DyBbVLL.jpg",
        "price": 5.3,
        "category": "fantasy"
    },
    {
        "asin": "1944728511",
        "title": "Inish Clare (The Pirate Queen) (Volume 2)",
        "img": "https://images-na.ssl-images-amazon.com/images/I/51db%2BRbyD1L.jpg",
        "price": 11.08,
        "category": "fantasy"
    },
    {
        "asin": "1721336869",
        "title": "Dragon's Code: Anne McCaffrey's Dragonriders of Pern (Dragonriders of Pern Series)",
        "img": "https://images-na.ssl-images-amazon.com/images/I/61LvkU3fc%2BL.jpg",
        "price": 25.15,
        "category": "fantasy"
    },
    {
        "asin": "1732931801",
        "title": "Amalgam",
        "img": "https://images-na.ssl-images-amazon.com/images/I/81xhThHMrZL.jpg",
        "price": 8.57,
        "category": "fantasy"
    },
    {
        "asin": "1635755425",
        "title": "The Sign Upon His Head",
        "img": "https://images-na.ssl-images-amazon.com/images/I/51sJ-l9UV3L.jpg",
        "price": 10.47,
        "category": "fantasy"
    },
    {
        "asin": "1478780371",
        "title": "Quest of the Staff and the Sword",
        "img": "https://images-na.ssl-images-amazon.com/images/I/71xeNf466JL.jpg",
        "price": 6.33,
        "category": "fantasy"
    },
    {
        "asin": "1515423301",
        "title": "Fantasy for the Throne: One-Sitting Reads",
        "img": "https://images-na.ssl-images-amazon.com/images/I/81Mk4Q%2BWVoL.jpg",
        "price": 9.5,
        "category": "fantasy"
    },
    {
        "asin": "125030265X",
        "title": "Well-Tempered Clavicle (Xanth)",
        "img": "https://images-na.ssl-images-amazon.com/images/I/61p6SfHJcfL.jpg",
        "price": 13.5,
        "category": "fantasy"
    },
    {
        "asin": "1938821963",
        "title": "A Wing and a Prayer (The John Morano Eco-Adventure Series)",
        "img": "https://images-na.ssl-images-amazon.com/images/I/71VsfUWuQqL.jpg",
        "price": 7.68,
        "category": "fantasy"
    }
]
