[
    {
        "asin": "1621579832",
        "title": "Justice on Trial: The Kavanaugh Confirmation and the Future of the Supreme Court",
        "img": "https://images-na.ssl-images-amazon.com/images/I/71WdFQNYSJL.jpg",
        "price": 17.39,
        "category": "history"
    },
    {
        "asin": "0307742482",
        "title": "Killers of the Flower Moon: The Osage Murders and the Birth of the FBI",
        "img": "https://images-na.ssl-images-amazon.com/images/I/81qxqy2R%2BmL.jpg",
        "price": 12.71,
        "category": "history"
    },
    {
        "asin": "0525512179",
        "title": "21 Lessons for the 21st Century",
        "img": "https://images-na.ssl-images-amazon.com/images/I/811iZOA9%2B8L.jpg",
        "price": 14.9,
        "category": "history"
    },
    {
        "asin": "0307476073",
        "title": "Wild: From Lost to Found on the Pacific Crest Trail",
        "img": "https://images-na.ssl-images-amazon.com/images/I/81WNVAgspxL.jpg",
        "price": 10.27,
        "category": "history"
    },
    {
        "asin": "0385349947",
        "title": "Lean In: Women, Work, and the Will to Lead",
        "img": "https://images-na.ssl-images-amazon.com/images/I/81coZ37EmxL.jpg",
        "price": 14.3,
        "category": "history"
    },
    {
        "asin": "0062363603",
        "title": "Hidden Figures: The American Dream and the Untold Story of the Black Women Mathematicians Who Helped Win the Space Race",
        "img": "https://images-na.ssl-images-amazon.com/images/I/71O3WN6oyzL.jpg",
        "price": 9.75,
        "category": "history"
    },
    {
        "asin": "1476794146",
        "title": "Five Presidents: My Extraordinary Journey with Eisenhower, Kennedy, Johnson, Nixon, and Ford",
        "img": "https://images-na.ssl-images-amazon.com/images/I/81XDguZCJgL.jpg",
        "price": 7.78,
        "category": "history"
    },
    {
        "asin": "0393635244",
        "title": "These Truths: A History of the United States",
        "img": "https://images-na.ssl-images-amazon.com/images/I/91NZ5Cw-4TL.jpg",
        "price": 29.27,
        "category": "history"
    },
    {
        "asin": "0316067601",
        "title": "Lone Survivor: The Eyewitness Account of Operation Redwing and the Lost Heroes of SEAL Team 10",
        "img": "https://images-na.ssl-images-amazon.com/images/I/411nhI-kPYL.jpg",
        "price": 9.86,
        "category": "history"
    },
    {
        "asin": "0743270754",
        "title": "Team of Rivals: The Political Genius of Abraham Lincoln",
        "img": "https://images-na.ssl-images-amazon.com/images/I/51bpOR8qigL.jpg",
        "price": 13.14,
        "category": "history"
    },
    {
        "asin": "1455566675",
        "title": "The Plaza: The Secret Life of America's Most Famous Hotel",
        "img": "https://images-na.ssl-images-amazon.com/images/I/41v0b001ouL.jpg",
        "price": 17.1,
        "category": "history"
    },
    {
        "asin": "0385534248",
        "title": "Killers of the Flower Moon: The Osage Murders and the Birth of the FBI",
        "img": "https://images-na.ssl-images-amazon.com/images/I/81XMxzljGaL.jpg",
        "price": 16.29,
        "category": "history"
    },
    {
        "asin": "1933782048",
        "title": "This Fleeting World: A Short History of Humanity (AP World History & Teachers' Edition)",
        "img": "https://images-na.ssl-images-amazon.com/images/I/81dMjTpUMnL.jpg",
        "price": 14.11,
        "category": "history"
    },
    {
        "asin": "0316743003",
        "title": "Skunk Works: A Personal Memoir of My Years at Lockheed",
        "img": "https://images-na.ssl-images-amazon.com/images/I/514RGQ3bURL.jpg",
        "price": 12.74,
        "category": "history"
    },
    {
        "asin": "0316202304",
        "title": "Area 51: An Uncensored History of America's Top Secret Military Base",
        "img": "https://images-na.ssl-images-amazon.com/images/I/71QPBFYW0eL.jpg",
        "price": 11.59,
        "category": "history"
    },
    {
        "asin": "1977052304",
        "title": "Helmet for My Pillow: From Parris Island to the Pacific",
        "img": "https://images-na.ssl-images-amazon.com/images/I/511sLO4dtwL.jpg",
        "price": 5.66,
        "category": "history"
    },
    {
        "asin": "1465475850",
        "title": "History of the World Map by Map",
        "img": "https://images-na.ssl-images-amazon.com/images/I/811X5Rx5atL.jpg",
        "price": 42.28,
        "category": "history"
    },
    {
        "asin": "1627790640",
        "title": "Killing England: The Brutal Struggle for American Independence (Bill O'Reilly's Killing Series)",
        "img": "https://images-na.ssl-images-amazon.com/images/I/91g9OsxMUUL.jpg",
        "price": 16.67,
        "category": "history"
    },
    {
        "asin": "1938895223",
        "title": "The Know Your Bill of Rights Book: Don't Lose Your Constitutional Rights--Learn Them!",
        "img": "https://images-na.ssl-images-amazon.com/images/I/51aBg4cHcUL.jpg",
        "price": 11.87,
        "category": "history"
    },
    {
        "asin": "1401309615",
        "title": "The Match: The Day the Game of Golf Changed Forever",
        "img": "https://images-na.ssl-images-amazon.com/images/I/612U3Iex2bL.jpg",
        "price": 6.86,
        "category": "history"
    },
    {
        "asin": "019516895X",
        "title": "Battle Cry of Freedom: The Civil War Era",
        "img": "https://images-na.ssl-images-amazon.com/images/I/81GHAhK2ngL.jpg",
        "price": 12.82,
        "category": "history"
    },
    {
        "asin": "1454933275",
        "title": "The Founding Myth: Why Christian Nationalism Is Un-American",
        "img": "https://images-na.ssl-images-amazon.com/images/I/61t9gG8MXDL.jpg",
        "price": 20.39,
        "category": "history"
    },
    {
        "asin": "0812976355",
        "title": "The Thirteen American Arguments: Enduring Debates That Define and Inspire Our Country",
        "img": "https://images-na.ssl-images-amazon.com/images/I/81wE5jzvEaL.jpg",
        "price": 8.82,
        "category": "history"
    },
    {
        "asin": "1984823310",
        "title": "On Faith: Lessons from an American Believer",
        "img": "https://images-na.ssl-images-amazon.com/images/I/71HszFjJhjL.jpg",
        "price": 16.59,
        "category": "history"
    },
    {
        "asin": "150117200X",
        "title": "The Day After Roswell",
        "img": "https://images-na.ssl-images-amazon.com/images/I/81gd5zjyj2L.jpg",
        "price": 12.73,
        "category": "history"
    },
    {
        "asin": "0883780305",
        "title": "Destruction of Black Civilization: Great Issues of a Race from 4500 B.C. to 2000 A.D.",
        "img": "https://images-na.ssl-images-amazon.com/images/I/71T2eGT67IL.jpg",
        "price": 18.19,
        "category": "history"
    },
    {
        "asin": "0897333764",
        "title": "Five Chimneys: A Woman Survivor's True Story of Auschwitz",
        "img": "https://images-na.ssl-images-amazon.com/images/I/51VfI0sH16L.jpg",
        "price": 11.54,
        "category": "history"
    },
    {
        "asin": "0553381482",
        "title": "The Last Stand of the Tin Can Sailors: The Extraordinary World War II Story of the U.S. Navy's Finest Hour",
        "img": "https://images-na.ssl-images-amazon.com/images/I/91v0sqhxc9L.jpg",
        "price": 13.98,
        "category": "history"
    },
    {
        "asin": "1465437975",
        "title": "History: From the Dawn of Civilization to the Present Day",
        "img": "https://images-na.ssl-images-amazon.com/images/I/A1pGtb13XzL.jpg",
        "price": 36.61,
        "category": "history"
    },
    {
        "asin": "184668000X",
        "title": "Nella Last's War: The Second World War Diaries of Housewife, 49",
        "img": "https://images-na.ssl-images-amazon.com/images/I/91L3zBxcaRL.jpg",
        "price": 13.41,
        "category": "history"
    },
    {
        "asin": "0803283911",
        "title": "Black Elk Speaks: The Complete Edition",
        "img": "https://images-na.ssl-images-amazon.com/images/I/51Jf8JDQgvL.jpg",
        "price": 15.81,
        "category": "history"
    },
    {
        "asin": "0394726251",
        "title": "The Discoverers: A History of Man's Search to Know His World and Himself",
        "img": "https://images-na.ssl-images-amazon.com/images/I/91LTOpc%2Bm2L.jpg",
        "price": 17.1,
        "category": "history"
    },
    {
        "asin": "0872205541",
        "title": "The Trial and Death of Socrates",
        "img": "https://images-na.ssl-images-amazon.com/images/I/51VKjV0nAwL.jpg",
        "price": 7.68,
        "category": "history"
    },
    {
        "asin": "067002581X",
        "title": "The Boys in the Boat: Nine Americans and Their Epic Quest for Gold at the 1936 Berlin Olympics",
        "img": "https://images-na.ssl-images-amazon.com/images/I/91an-Qn0VfL.jpg",
        "price": 16.79,
        "category": "history"
    },
    {
        "asin": "034554482X",
        "title": "The Perfect Horse: The Daring U.S. Mission to Rescue the Priceless Stallions Kidnapped by the Nazis",
        "img": "https://images-na.ssl-images-amazon.com/images/I/91O2OW-iE3L.jpg",
        "price": 13.43,
        "category": "history"
    },
    {
        "asin": "0393327655",
        "title": "The End of Faith: Religion, Terror, and the Future of Reason",
        "img": "https://images-na.ssl-images-amazon.com/images/I/51g7qN0TxCL.jpg",
        "price": 10.34,
        "category": "history"
    },
    {
        "asin": "006227564X",
        "title": "Fall and Rise: The Story of 9/11",
        "img": "https://images-na.ssl-images-amazon.com/images/I/71t92ZtjqaL.jpg",
        "price": 21.39,
        "category": "history"
    },
    {
        "asin": "1439107955",
        "title": "The Emperor of All Maladies: A Biography of Cancer",
        "img": "https://images-na.ssl-images-amazon.com/images/I/51qVm-8ZJgL.jpg",
        "price": 16.73,
        "category": "history"
    },
    {
        "asin": "0393246108",
        "title": "Liar's Poker (25th Anniversary Edition): Rising Through the Wreckage on Wall Street (25th Anniversary Edition)",
        "img": "https://images-na.ssl-images-amazon.com/images/I/51A87ZBcRCL.jpg",
        "price": 10.24,
        "category": "history"
    },
    {
        "asin": "0743286936",
        "title": "The Summer of 1787: The Men Who Invented the Constitution (The Simon & Schuster America Collection)",
        "img": "https://images-na.ssl-images-amazon.com/images/I/51JtGtTnDQL.jpg",
        "price": 7.18,
        "category": "history"
    },
    {
        "asin": "1533305498",
        "title": "First One In, Last One Out: Auschwitz Survivor 31321",
        "img": "https://images-na.ssl-images-amazon.com/images/I/51VRO3HiEXL.jpg",
        "price": 13.89,
        "category": "history"
    },
    {
        "asin": "0393265978",
        "title": "America: A Narrative History (Brief Tenth Edition)  (Vol. 1)",
        "img": "https://images-na.ssl-images-amazon.com/images/I/51GqzhVv%2BTL.jpg",
        "price": 56.41,
        "category": "history"
    },
    {
        "asin": "1574554506",
        "title": "United States Catholic Catechism for Adult",
        "img": "https://images-na.ssl-images-amazon.com/images/I/41R7HQF9H2L.jpg",
        "price": 13.98,
        "category": "history"
    },
    {
        "asin": "147283447X",
        "title": "The First Anglo-Sikh War 1845-46: The betrayal of the Khalsa (Campaign)",
        "img": "https://images-na.ssl-images-amazon.com/images/I/910pf0OjFfL.jpg",
        "price": 20.2,
        "category": "history"
    },
    {
        "asin": "1472833473",
        "title": "Roman Army Units in the Western Provinces (2): 3rd Century AD (Men-at-Arms)",
        "img": "https://images-na.ssl-images-amazon.com/images/I/91nNsDwqBCL.jpg",
        "price": 17.53,
        "category": "history"
    },
    {
        "asin": "1524758183",
        "title": "Cracking the AP World History Exam, 2019 Edition: Practice Tests & Proven Techniques to Help You Score a 5 (College Test Preparation)",
        "img": "https://images-na.ssl-images-amazon.com/images/I/91mP7KfdpSL.jpg",
        "price": 16.85,
        "category": "history"
    },
    {
        "asin": "1538728753",
        "title": "Russian Roulette: The Inside Story of Putin's War on America and the Election of Donald Trump",
        "img": "https://images-na.ssl-images-amazon.com/images/I/51r5OKmakUL.jpg",
        "price": 18.01,
        "category": "history"
    },
    {
        "asin": "031651330X",
        "title": "The Queen: The Forgotten Life Behind an American Myth",
        "img": "https://images-na.ssl-images-amazon.com/images/I/91bMOFBLTTL.jpg",
        "price": 17.13,
        "category": "history"
    },
    {
        "asin": "1627795073",
        "title": "Bill O'Reilly's Legends and Lies: The Real West",
        "img": "https://images-na.ssl-images-amazon.com/images/I/71Io%2BhvCx0L.jpg",
        "price": 19.93,
        "category": "history"
    },
    {
        "asin": "0349100136",
        "title": "If This Is a Man and The Truce",
        "img": "https://images-na.ssl-images-amazon.com/images/I/91O6bZSzBsL.jpg",
        "price": 8.86,
        "category": "history"
    },
    {
        "asin": "0358067766",
        "title": "FDR at War Boxed Set: The Mantle of Command, Commander in Chief, and War and Peace",
        "img": "https://images-na.ssl-images-amazon.com/images/I/61Z3bZWPaOL.jpg",
        "price": 40.39,
        "category": "history"
    },
    {
        "asin": "1524797960",
        "title": "The World of Lore: Monstrous Creatures",
        "img": "https://images-na.ssl-images-amazon.com/images/I/91QeaQInAfL.jpg",
        "price": 16.29,
        "category": "history"
    },
    {
        "asin": "0679723129",
        "title": "Gideon's Trumpet: How One Man, a Poor Prisoner, Took His Case to the Supreme Court-and Changed the Law of the United States",
        "img": "https://images-na.ssl-images-amazon.com/images/I/71bPiSEjozL.jpg",
        "price": 13.24,
        "category": "history"
    },
    {
        "asin": "0804136653",
        "title": "A Spy Among Friends: Kim Philby and the Great Betrayal",
        "img": "https://images-na.ssl-images-amazon.com/images/I/916LCilIgYL.jpg",
        "price": 10.75,
        "category": "history"
    },
    {
        "asin": "0060197765",
        "title": "From Third World to First: The Singapore Story - 1965-2000",
        "img": "https://images-na.ssl-images-amazon.com/images/I/51qLl7jTeEL.jpg",
        "price": 24.83,
        "category": "history"
    },
    {
        "asin": "0425276279",
        "title": "Team Dog: How to Train Your Dog--the Navy SEAL Way",
        "img": "https://images-na.ssl-images-amazon.com/images/I/91HD0bxb0hL.jpg",
        "price": 9.99,
        "category": "history"
    },
    {
        "asin": "0385526261",
        "title": "Destiny of the Republic: A Tale of Madness, Medicine and the Murder of a President",
        "img": "https://images-na.ssl-images-amazon.com/images/I/91VFBG-zQyL.jpg",
        "price": 18.6,
        "category": "history"
    },
    {
        "asin": "047018549X",
        "title": "All the Shah's Men: An American Coup and the Roots of Middle East Terror",
        "img": "https://images-na.ssl-images-amazon.com/images/I/81uN%2BS8R0ZL.jpg",
        "price": 14.29,
        "category": "history"
    },
    {
        "asin": "0060518502",
        "title": "Manhunt: The 12-Day Chase for Lincoln's Killer (P.S.)",
        "img": "https://images-na.ssl-images-amazon.com/images/I/51s91pX5O8L.jpg",
        "price": 12.71,
        "category": "history"
    },
    {
        "asin": "1594204586",
        "title": "Directorate S: The C.I.A. and America's Secret Wars in Afghanistan and Pakistan",
        "img": "https://images-na.ssl-images-amazon.com/images/I/81mZW-xOUvL.jpg",
        "price": 14.54,
        "category": "history"
    },
    {
        "asin": "1631492853",
        "title": "The Color of Law: A Forgotten History of How Our Government Segregated America",
        "img": "https://images-na.ssl-images-amazon.com/images/I/91AgJz4BelL.jpg",
        "price": 20.17,
        "category": "history"
    },
    {
        "asin": "074326004X",
        "title": "Assassination Vacation",
        "img": "https://images-na.ssl-images-amazon.com/images/I/516ZpcYaeEL.jpg",
        "price": 7.01,
        "category": "history"
    },
    {
        "asin": "0802127002",
        "title": "Hue 1968: A Turning Point of the American War in Vietnam",
        "img": "https://images-na.ssl-images-amazon.com/images/I/81z6Q26UC3L.jpg",
        "price": 20.54,
        "category": "history"
    },
    {
        "asin": "0195307143",
        "title": "Polio: An American Story",
        "img": "https://images-na.ssl-images-amazon.com/images/I/81ANOmpfRGL.jpg",
        "price": 14.11,
        "category": "history"
    },
    {
        "asin": "0804176604",
        "title": "Devotion: An Epic Story of Heroism, Friendship, and Sacrifice",
        "img": "https://images-na.ssl-images-amazon.com/images/I/91eSdBPeX7L.jpg",
        "price": 14.84,
        "category": "history"
    },
    {
        "asin": "0802145922",
        "title": "What It Is Like To Go To War",
        "img": "https://images-na.ssl-images-amazon.com/images/I/51mJWfAuhwL.jpg",
        "price": 11.99,
        "category": "history"
    },
    {
        "asin": "0679730052",
        "title": "The Age of Extremes: A History of the World, 1914-1991",
        "img": "https://images-na.ssl-images-amazon.com/images/I/91oQcQ4EEJL.jpg",
        "price": 8.94,
        "category": "history"
    },
    {
        "asin": "1594633932",
        "title": "How We Got to Now: Six Innovations That Made the Modern World",
        "img": "https://images-na.ssl-images-amazon.com/images/I/81HMTLgpHML.jpg",
        "price": 13.28,
        "category": "history"
    },
    {
        "asin": "1472830903",
        "title": "USAF F-105 Thunderchief vs VPAF MiG-17: Vietnam 1965-68 (Duel)",
        "img": "https://images-na.ssl-images-amazon.com/images/I/81q%2Bbsc6EnL.jpg",
        "price": 19.62,
        "category": "history"
    },
    {
        "asin": "1973427370",
        "title": "The Dark Ages 476-918 A.D.",
        "img": "https://images-na.ssl-images-amazon.com/images/I/51zeEXMZCAL.jpg",
        "price": 7.22,
        "category": "history"
    },
    {
        "asin": "1501164929",
        "title": "The Liberation of Paris: How Eisenhower, de Gaulle, and von Choltitz Saved the City of Light",
        "img": "https://images-na.ssl-images-amazon.com/images/I/81NvF5OIRfL.jpg",
        "price": 18.23,
        "category": "history"
    },
    {
        "asin": "022635721X",
        "title": "Why Learn History (When It's Already on Your Phone)",
        "img": "https://images-na.ssl-images-amazon.com/images/I/41lJfcnxskL.jpg",
        "price": 16.82,
        "category": "history"
    },
    {
        "asin": "1426218338",
        "title": "National Geographic Atlas of Beer: A Globe-Trotting Journey Through the World of Beer",
        "img": "https://images-na.ssl-images-amazon.com/images/I/91gNoyxOIML.jpg",
        "price": 24.98,
        "category": "history"
    },
    {
        "asin": "1574882864",
        "title": "The Forgotten Soldier",
        "img": "https://images-na.ssl-images-amazon.com/images/I/51OLqLHL9hL.jpg",
        "price": 15.85,
        "category": "history"
    },
    {
        "asin": "0306903199",
        "title": "The Swamp Fox: How Francis Marion Saved the American Revolution",
        "img": "https://images-na.ssl-images-amazon.com/images/I/51CuKxlsq%2BL.jpg",
        "price": 10.37,
        "category": "history"
    },
    {
        "asin": "1451606338",
        "title": "Plunder and Deceit: Big Government's Exploitation of Young People and the Future",
        "img": "https://images-na.ssl-images-amazon.com/images/I/81G5oeRG-JL.jpg",
        "price": 13.57,
        "category": "history"
    },
    {
        "asin": "0393326713",
        "title": "The 9/11 Commission Report: Final Report of the National Commission on Terrorist Attacks Upon the United States (Authorized Edition)",
        "img": "https://images-na.ssl-images-amazon.com/images/I/41InHz3EGBL.jpg",
        "price": 7.84,
        "category": "history"
    },
    {
        "asin": "0679733760",
        "title": "A Midwife's Tale: The Life of Martha Ballard, Based on Her Diary, 1785-1812",
        "img": "https://images-na.ssl-images-amazon.com/images/I/71jY1aJd9YL.jpg",
        "price": 13.13,
        "category": "history"
    },
    {
        "asin": "0963188909",
        "title": "The Montauk Project: Experiments in Time",
        "img": "https://images-na.ssl-images-amazon.com/images/I/51SLssizBxL.jpg",
        "price": 11.65,
        "category": "history"
    },
    {
        "asin": "1536988286",
        "title": "The Story of the  Moors  in Spain",
        "img": "https://images-na.ssl-images-amazon.com/images/I/51N%2BFwszeSL.jpg",
        "price": 6.9,
        "category": "history"
    },
    {
        "asin": "0544800885",
        "title": "The Darkening Age: The Christian Destruction of the Classical World",
        "img": "https://images-na.ssl-images-amazon.com/images/I/51hG1Ki8fkL.jpg",
        "price": 13.09,
        "category": "history"
    },
    {
        "asin": "0395859964",
        "title": "The Journals of Lewis and Clark (Lewis & Clark Expedition)",
        "img": "https://images-na.ssl-images-amazon.com/images/I/51ASiayazGL.jpg",
        "price": 10.73,
        "category": "history"
    },
    {
        "asin": "0544947290",
        "title": "The Winter Fortress: The Epic Mission to Sabotage Hitler's Atomic Bomb",
        "img": "https://images-na.ssl-images-amazon.com/images/I/51s7l21SuAL.jpg",
        "price": 10.72,
        "category": "history"
    },
    {
        "asin": "0195182502",
        "title": "Lost Scriptures: Books that Did Not Make It into the New Testament",
        "img": "https://images-na.ssl-images-amazon.com/images/I/412g6yFWOvL.jpg",
        "price": 12.53,
        "category": "history"
    },
    {
        "asin": "1400067650",
        "title": "Destiny and Power: The American Odyssey of George Herbert Walker Bush",
        "img": "https://images-na.ssl-images-amazon.com/images/I/91zCxqxC1sL.jpg",
        "price": 15.98,
        "category": "history"
    },
    {
        "asin": "0767900383",
        "title": "Under the Tuscan Sun: At Home in Italy",
        "img": "https://images-na.ssl-images-amazon.com/images/I/91Rv469ZiFL.jpg",
        "price": 10.41,
        "category": "history"
    },
    {
        "asin": "0307720667",
        "title": "Without You, There Is No Us: Undercover Among the Sons of North Korea's Elite",
        "img": "https://images-na.ssl-images-amazon.com/images/I/A1ZfxlcYJeL.jpg",
        "price": 10.29,
        "category": "history"
    },
    {
        "asin": "1416580514",
        "title": "Horse Soldiers: The Extraordinary Story of a Band of US Soldiers Who Rode to Victory in Afghanistan",
        "img": "https://images-na.ssl-images-amazon.com/images/I/91-dDqdidBL.jpg",
        "price": 16.41,
        "category": "history"
    },
    {
        "asin": "0316001945",
        "title": "Cleopatra: A Life",
        "img": "https://images-na.ssl-images-amazon.com/images/I/91Jpi00b-vL.jpg",
        "price": 10.99,
        "category": "history"
    },
    {
        "asin": "0674976827",
        "title": "The People vs. Democracy: Why Our Freedom Is in Danger and How to Save It",
        "img": "https://images-na.ssl-images-amazon.com/images/I/51hP5GttMqL.jpg",
        "price": 13.19,
        "category": "history"
    },
    {
        "asin": "161039691X",
        "title": "The Cadaver King and the Country Dentist: A True Story of Injustice in the American South",
        "img": "https://images-na.ssl-images-amazon.com/images/I/41ZsMrcMb9L.jpg",
        "price": 11.82,
        "category": "history"
    },
    {
        "asin": "168358063X",
        "title": "Amazing Tales from the Boston Red Sox Dugout: A Collection of the Greatest Red Sox Stories Ever Told",
        "img": "https://images-na.ssl-images-amazon.com/images/I/718lCJM2jVL.jpg",
        "price": 20.72,
        "category": "history"
    },
    {
        "asin": "0967673747",
        "title": "Princess: A True Story of Life Behind the Veil in Saudi Arab",
        "img": "https://images-na.ssl-images-amazon.com/images/I/91hjlftjPbL.jpg",
        "price": 12.21,
        "category": "history"
    },
    {
        "asin": "0385265204",
        "title": "Cartoon History of the Universe Volumes 1-7",
        "img": "https://images-na.ssl-images-amazon.com/images/I/A19wkecPXKL.jpg",
        "price": 18.07,
        "category": "history"
    },
    {
        "asin": "1465416056",
        "title": "Firearms: An Illustrated History",
        "img": "https://images-na.ssl-images-amazon.com/images/I/91G8EbYWZHL.jpg",
        "price": 22.44,
        "category": "history"
    },
    {
        "asin": "0195170245",
        "title": "Egyptian Mythology: A Guide to the Gods, Goddesses, and Traditions of Ancient Egypt",
        "img": "https://images-na.ssl-images-amazon.com/images/I/813OMMKM7BL.jpg",
        "price": 15.82,
        "category": "history"
    },
    {
        "asin": "142621555X",
        "title": "National Geographic The Old West",
        "img": "https://images-na.ssl-images-amazon.com/images/I/91rYTfJ19XL.jpg",
        "price": 22.66,
        "category": "history"
    },
    {
        "asin": "1426215436",
        "title": "National Geographic Family Reference Atlas of the World, Fourth Edition: Indispensable Information and More Than 1,000 Maps and Illustrations",
        "img": "https://images-na.ssl-images-amazon.com/images/I/91F2xanmcGL.jpg",
        "price": 44.76,
        "category": "history"
    },
    {
        "asin": "0674237471",
        "title": "The Color of Money: Black Banks and the Racial Wealth Gap",
        "img": "https://images-na.ssl-images-amazon.com/images/I/610XgsBrlIL.jpg",
        "price": 14.24,
        "category": "history"
    },
    {
        "asin": "0738610372",
        "title": "CLEP® History of the U.S. I Book + Online (CLEP Test Preparation)",
        "img": "https://images-na.ssl-images-amazon.com/images/I/71h%2BPJ2yCfL.jpg",
        "price": 31.46,
        "category": "history"
    },
    {
        "asin": "0880800178",
        "title": "The Making of America: The Substance and Meaning of the Constitution",
        "img": "https://images-na.ssl-images-amazon.com/images/I/71-lrB6B0ZL.jpg",
        "price": 22.28,
        "category": "history"
    },
    {
        "asin": "1945436239",
        "title": "Strange Cures",
        "img": "https://images-na.ssl-images-amazon.com/images/I/412QoCe8KyL.jpg",
        "price": 19.26,
        "category": "history"
    },
    {
        "asin": "0190229233",
        "title": "Strategy: A History",
        "img": "https://images-na.ssl-images-amazon.com/images/I/51KqIOqFw9L.jpg",
        "price": 17.94,
        "category": "history"
    },
    {
        "asin": "0895555301",
        "title": "Lives of The Saints: For Everyday in the Year",
        "img": "https://images-na.ssl-images-amazon.com/images/I/51nfuy8cySL.jpg",
        "price": 16.92,
        "category": "history"
    },
    {
        "asin": "0674951913",
        "title": "Whiteness of a Different Color: European Immigrants and the Alchemy of Race",
        "img": "https://images-na.ssl-images-amazon.com/images/I/81hjS5cqYHL.jpg",
        "price": 28.91,
        "category": "history"
    },
    {
        "asin": "0140447601",
        "title": "Democracy in America and Two Essays on America (Penguin Classics)",
        "img": "https://images-na.ssl-images-amazon.com/images/I/71PqxqQ0mYL.jpg",
        "price": 12.91,
        "category": "history"
    },
    {
        "asin": "1510723323",
        "title": "The Plot to Hack America: How Putin's Cyberspies and WikiLeaks Tried to Steal the 2016 Election",
        "img": "https://images-na.ssl-images-amazon.com/images/I/813g8pEVwoL.jpg",
        "price": 11.46,
        "category": "history"
    },
    {
        "asin": "110187032X",
        "title": "Who We Are and How We Got Here: Ancient DNA and the New Science of the Human Past",
        "img": "https://images-na.ssl-images-amazon.com/images/I/71QETwYLSbL.jpg",
        "price": 22.39,
        "category": "history"
    },
    {
        "asin": "1400063256",
        "title": "American Lion: Andrew Jackson in the White House",
        "img": "https://images-na.ssl-images-amazon.com/images/I/91ESC5GDfWL.jpg",
        "price": 16.5,
        "category": "history"
    },
    {
        "asin": "1454909056",
        "title": "The Middle Ages: Everyday Life in Medieval Europe",
        "img": "https://images-na.ssl-images-amazon.com/images/I/81qYxbFN0BL.jpg",
        "price": 8.01,
        "category": "history"
    },
    {
        "asin": "0393244660",
        "title": "Flash Boys",
        "img": "https://images-na.ssl-images-amazon.com/images/I/41H9FWpKI4L.jpg",
        "price": 15.47,
        "category": "history"
    },
    {
        "asin": "162157637X",
        "title": "The True Jesus: Uncovering the Divinity of Christ in the Gospels",
        "img": "https://images-na.ssl-images-amazon.com/images/I/91EcS6VR0PL.jpg",
        "price": 16.95,
        "category": "history"
    },
    {
        "asin": "0451495322",
        "title": "The Girl Who Smiled Beads: A Story of War and What Comes After",
        "img": "https://images-na.ssl-images-amazon.com/images/I/81JoBghorwL.jpg",
        "price": 17.98,
        "category": "history"
    },
    {
        "asin": "1472833090",
        "title": "Weapons of the US Special Operations Command",
        "img": "https://images-na.ssl-images-amazon.com/images/I/81BYcXdXiPL.jpg",
        "price": 19.62,
        "category": "history"
    },
    {
        "asin": "014044565X",
        "title": "Ecclesiastical History of the English People (Penguin Classics)",
        "img": "https://images-na.ssl-images-amazon.com/images/I/51h7QlF2hJL.jpg",
        "price": 14.83,
        "category": "history"
    },
    {
        "asin": "1465438866",
        "title": "Musicals: The Definitive Illustrated Story",
        "img": "https://images-na.ssl-images-amazon.com/images/I/A1l0nsZqYIL.jpg",
        "price": 22.64,
        "category": "history"
    },
    {
        "asin": "1629995479",
        "title": "Rise: In Defense of Judeo-Christian Values and Freedom",
        "img": "https://images-na.ssl-images-amazon.com/images/I/61bmc5B%2BJTL.jpg",
        "price": 3.79,
        "category": "history"
    },
    {
        "asin": "1414368747",
        "title": "SEAL of God",
        "img": "https://images-na.ssl-images-amazon.com/images/I/51zkdgHl2qL.jpg",
        "price": 12.16,
        "category": "history"
    },
    {
        "asin": "019531588X",
        "title": "The Glorious Cause: The American Revolution, 1763-1789 (Oxford History of the United States)",
        "img": "https://images-na.ssl-images-amazon.com/images/I/51iavGntWNL.jpg",
        "price": 19.01,
        "category": "history"
    },
    {
        "asin": "0756617723",
        "title": "World Religions: The Great Faiths Explored and Explained",
        "img": "https://images-na.ssl-images-amazon.com/images/I/71ZW3135BsL.jpg",
        "price": 13.89,
        "category": "history"
    },
    {
        "asin": "0199540268",
        "title": "The Gallic War: Seven Commentaries on The Gallic War with an Eighth Commentary by Aulus Hirtius (Oxford World's Classics)",
        "img": "https://images-na.ssl-images-amazon.com/images/I/71qEKyTFX6L.jpg",
        "price": 9.05,
        "category": "history"
    },
    {
        "asin": "156164868X",
        "title": "Florida's Waters (Florida's Natural Ecosystems and Native Species)",
        "img": "https://images-na.ssl-images-amazon.com/images/I/91jeeBxth4L.jpg",
        "price": 18.14,
        "category": "history"
    },
    {
        "asin": "1250063310",
        "title": "Encounter in Rendlesham Forest: The Inside Story of the World's Best-Documented UFO Incident",
        "img": "https://images-na.ssl-images-amazon.com/images/I/811mvvVBiUL.jpg",
        "price": 13.69,
        "category": "history"
    },
    {
        "asin": "0618562095",
        "title": "The Perfect Mile: Three Athletes, One Goal, and Less Than Four Minutes to Achieve It",
        "img": "https://images-na.ssl-images-amazon.com/images/I/51lOi0QBoeL.jpg",
        "price": 12.85,
        "category": "history"
    },
    {
        "asin": "0674062116",
        "title": "The Condemnation of Blackness: Race, Crime, and the Making of Modern Urban America",
        "img": "https://images-na.ssl-images-amazon.com/images/I/71Gc6biBD5L.jpg",
        "price": 20.69,
        "category": "history"
    },
    {
        "asin": "0062092901",
        "title": "Liar, Temptress, Soldier, Spy: Four Women Undercover in the Civil War",
        "img": "https://images-na.ssl-images-amazon.com/images/I/61u5vLwgUqL.jpg",
        "price": 13.12,
        "category": "history"
    },
    {
        "asin": "0374533997",
        "title": "Tombstone: The Great Chinese Famine, 1958-1962",
        "img": "https://images-na.ssl-images-amazon.com/images/I/71gysJ%2Bu6xL.jpg",
        "price": 16.2,
        "category": "history"
    },
    {
        "asin": "0306821486",
        "title": "Genius of Place: The Life of Frederick Law Olmsted (A Merloyd Lawrence Book)",
        "img": "https://images-na.ssl-images-amazon.com/images/I/51zdiF%2BmRwL.jpg",
        "price": 12.2,
        "category": "history"
    },
    {
        "asin": "0804138265",
        "title": "The Gatekeepers: How the White House Chiefs of Staff Define Every Presidency",
        "img": "https://images-na.ssl-images-amazon.com/images/I/91m4DtQ71ZL.jpg",
        "price": 11.59,
        "category": "history"
    },
    {
        "asin": "148700513X",
        "title": "Channel of Peace: Stranded in Gander on 9/11",
        "img": "https://images-na.ssl-images-amazon.com/images/I/81RqRdXK9YL.jpg",
        "price": 14.2,
        "category": "history"
    },
    {
        "asin": "1471160785",
        "title": "Undaunted Courage",
        "img": "https://images-na.ssl-images-amazon.com/images/I/51c0U3ST89L.jpg",
        "price": 11.09,
        "category": "history"
    },
    {
        "asin": "0449909336",
        "title": "The Fifties",
        "img": "https://images-na.ssl-images-amazon.com/images/I/81C8DGxdPqL.jpg",
        "price": 14.44,
        "category": "history"
    },
    {
        "asin": "1472833511",
        "title": "Castagnaro 1387: Hawkwood's Great Victory (Campaign)",
        "img": "https://images-na.ssl-images-amazon.com/images/I/91BFrCZCUQL.jpg",
        "price": 20.6,
        "category": "history"
    },
    {
        "asin": "0486474674",
        "title": "Great Speeches of the 20th Century (Dover Thrift Editions)",
        "img": "https://images-na.ssl-images-amazon.com/images/I/915zKAH2DmL.jpg",
        "price": 3.3,
        "category": "history"
    },
    {
        "asin": "0140092331",
        "title": "Sweetness and Power: The Place of Sugar in Modern History",
        "img": "https://images-na.ssl-images-amazon.com/images/I/918eyvG7MAL.jpg",
        "price": 11.14,
        "category": "history"
    },
    {
        "asin": "0140437649",
        "title": "The History of the Decline and Fall of the Roman Empire (Penguin Classics)",
        "img": "https://images-na.ssl-images-amazon.com/images/I/81-DuxI7YsL.jpg",
        "price": 15.2,
        "category": "history"
    },
    {
        "asin": "1732987602",
        "title": "The Truth Behind Trump Derangement Syndrome: \"There is more than meets the eye\"",
        "img": "https://images-na.ssl-images-amazon.com/images/I/513fCYzKnBL.jpg",
        "price": 10.79,
        "category": "history"
    },
    {
        "asin": "0836220854",
        "title": "The Far Side Gallery 2 (Volume 8)",
        "img": "https://images-na.ssl-images-amazon.com/images/I/91e%2BR7cHZtL.jpg",
        "price": 9.49,
        "category": "history"
    },
    {
        "asin": "0345548728",
        "title": "The Fleet at Flood Tide: America at Total War in the Pacific, 1944-1945",
        "img": "https://images-na.ssl-images-amazon.com/images/I/91xf0nGAcqL.jpg",
        "price": 15.47,
        "category": "history"
    },
    {
        "asin": "0812979796",
        "title": "Elizabeth the Queen: The Life of a Modern Monarch",
        "img": "https://images-na.ssl-images-amazon.com/images/I/91rKEubWHML.jpg",
        "price": 13.44,
        "category": "history"
    },
    {
        "asin": "1583670254",
        "title": "Discourse on Colonialism",
        "img": "https://images-na.ssl-images-amazon.com/images/I/61msLG7tDDL.jpg",
        "price": 12.34,
        "category": "history"
    },
    {
        "asin": "1259284751",
        "title": "The Unfinished Nation: A Concise History of the American People Volume 2",
        "img": "https://images-na.ssl-images-amazon.com/images/I/51XmYwIDZtL.jpg",
        "price": 65.81,
        "category": "history"
    },
    {
        "asin": "0814742963",
        "title": "White Cargo: The Forgotten History of Britain's White Slaves in America",
        "img": "https://images-na.ssl-images-amazon.com/images/I/41N93AqGRsL.jpg",
        "price": 22.55,
        "category": "history"
    },
    {
        "asin": "1586483579",
        "title": "Auschwitz: A New History",
        "img": "https://images-na.ssl-images-amazon.com/images/I/51FQK8SQDJL.jpg",
        "price": 10.22,
        "category": "history"
    },
    {
        "asin": "0393059758",
        "title": "The History of the Medieval World: From the Conversion of Constantine to the First Crusade",
        "img": "https://images-na.ssl-images-amazon.com/images/I/71eZBpn-IBL.jpg",
        "price": 24.14,
        "category": "history"
    },
    {
        "asin": "0758202709",
        "title": "The Divine Nine: The History of African American Fraternities and Sororities",
        "img": "https://images-na.ssl-images-amazon.com/images/I/91UxqaWeB0L.jpg",
        "price": 12.97,
        "category": "history"
    },
    {
        "asin": "0385468148",
        "title": "The Way of a Pilgrim and The Pilgrim Continues His Way",
        "img": "https://images-na.ssl-images-amazon.com/images/I/91rUlUiMlzL.jpg",
        "price": 14.25,
        "category": "history"
    },
    {
        "asin": "1305633946",
        "title": "Gardner's Art through the Ages: The Western Perspective, Volume I",
        "img": "https://images-na.ssl-images-amazon.com/images/I/51GP6fbx5nL.jpg",
        "price": 119.1,
        "category": "history"
    },
    {
        "asin": "1635571375",
        "title": "One Person, No Vote: How Voter Suppression Is Destroying Our Democracy",
        "img": "https://images-na.ssl-images-amazon.com/images/I/71yBmWVXlkL.jpg",
        "price": 14.31,
        "category": "history"
    },
    {
        "asin": "107041722X",
        "title": "Samadhi - The Forgotten Eden: Revealing the Ancient Yogic Art of Samadhi",
        "img": "https://images-na.ssl-images-amazon.com/images/I/41m7dk4ESYL.jpg",
        "price": 14.44,
        "category": "history"
    }
]
